resultId,raceId,driverId,constructorId,number,grid,position,positionText,positionOrder,points,laps,time,milliseconds,fastestLap,rank,fastestLapTime,fastestLapSpeed,statusId,carPerformance
26286,1121,830,9,33,1,1,1,1,26,57,31:44.7,5504742,39,1,01:32.6,210.383,1,1
26287,1121,815,9,11,5,2,2,2,18,57,22.457,5527199,40,4,01:34.4,206.468,1,1
26288,1121,832,6,55,4,3,3,3,15,57,25.11,5529852,44,6,01:34.5,206.156,1,0.96
26289,1121,844,6,16,2,4,4,4,12,57,39.669,5544411,36,2,01:34.1,207.069,1,0.96
26290,1121,847,131,63,3,5,5,5,10,57,46.788,5551530,40,12,01:35.1,204.946,1,0.95
26291,1121,846,1,4,7,6,6,6,8,57,48.458,5553200,1,5,01:34.5,206.223,1,0.97
26292,1121,1,131,44,9,7,7,7,6,57,50.324,5555066,39,7,01:34.7,205.688,1,0.95
26293,1121,857,1,81,8,8,8,8,4,57,56.082,5560824,1,11,01:35.0,205.123,1,0.97
26294,1121,4,117,14,6,9,9,9,2,57,+1:14.887,5579629,48,3,01:34.2,206.83,1,0.88
26295,1121,840,117,18,12,10,10,10,1,57,+1:33.216,5597958,30,16,01:35.6,203.73,1,0.88
26296,1121,855,15,24,17,11,11,11,0,56,\N,\N,30,14,01:35.5,204.102,11,0.85
26297,1121,825,210,20,15,12,12,12,0,56,\N,\N,34,15,01:35.6,203.863,11,0.9
26298,1121,817,215,3,14,13,13,13,0,56,\N,\N,37,13,01:35.2,204.735,11,0.88
26299,1121,852,215,22,11,14,14,14,0,56,\N,\N,37,18,01:35.8,203.303,11,0.88
26300,1121,848,3,23,13,15,15,15,0,56,\N,\N,40,17,01:35.7,203.537,11,0.9
26301,1121,807,210,27,10,16,16,16,0,56,\N,\N,46,10,01:34.8,205.445,11,0.9
26302,1121,839,214,31,19,17,17,17,0,56,\N,\N,34,20,01:36.2,202.473,11,0.85
26303,1121,842,214,10,20,18,18,18,0,56,\N,\N,45,9,01:34.8,205.508,11,0.85
26304,1121,822,15,77,16,19,19,19,0,56,\N,\N,33,19,01:36.2,202.523,11,0.85
26305,1121,858,3,2,18,20,20,20,0,55,\N,\N,42,8,01:34.7,205.659,12,0.9
26306,1122,830,9,33,1,1,1,1,25,50,20:43.3,4843273,50,3,01:31.8,242.188,1,1
26307,1122,815,9,11,3,2,2,2,18,50,13.6431,4862704,37,8,01:32.3,240.876,1,1
26308,1122,844,6,16,2,3,3,3,16,50,18.639,4861912,50,1,01:31.6,242.561,1,0.96
26309,1122,857,1,81,5,4,4,4,12,50,32.007,4875280,1,10,01:32.3,240.779,1,0.97
26310,1122,4,117,14,4,5,5,5,10,50,35.759,4879032,43,13,01:32.4,240.579,1,0.88
26311,1122,847,131,63,7,6,6,6,8,50,39.936,4883209,42,7,01:32.3,240.926,1,0.95
26312,1122,860,6,38,11,7,7,7,6,50,42.679,4885952,50,5,01:32.2,241.103,1,0.96
26313,1122,846,1,4,6,8,8,8,4,50,45.708,4888981,1,4,01:31.9,241.738,1,0.97
26314,1122,1,131,44,8,9,9,9,2,50,47.391,4890664,38,2,01:31.7,242.26,1,0.95
26315,1122,807,210,27,15,10,10,10,1,50,+1:16.996,4920269,49,12,01:32.4,240.633,1,0.9
26316,1122,848,3,23,12,11,11,11,0,50,+1:28.354,4931627,50,9,01:32.3,240.787,1,0.9
26317,1122,825,210,20,13,12,12,12,0,50,+1:45.7373,4955646,47,11,01:32.3,240.706,1,0.9
26318,1122,839,214,31,17,13,13,13,0,49,\N,\N,48,17,01:33.5,237.763,11,0.85
26319,1122,858,3,2,19,14,14,14,0,49,\N,\N,44,18,01:33.5,237.657,11,0.9
26320,1122,852,215,22,9,15,15,15,0,49,\N,\N,49,15,01:33.0,238.926,11,0.88
26321,1122,817,215,3,14,16,16,16,0,49,\N,\N,47,16,01:33.3,238.166,11,0.88
26322,1122,822,15,77,16,17,17,17,0,49,\N,\N,49,14,01:32.7,239.751,11,0.85
26323,1122,855,15,24,20,18,18,18,0,49,\N,\N,49,6,01:32.2,241.046,11,0.85
26324,1122,840,117,18,10,\N,R,19,0,5,\N,\N,5,19,01:35.6,232.591,3,0.88
26325,1122,842,214,10,18,\N,R,20,0,1,\N,\N,\N,0,\N,\N,6,0.85
26326,1123,832,6,55,2,1,1,1,25,58,20:26.8,4826843,48,3,01:20.0,237.418,1,0.96
26327,1123,844,6,16,4,2,2,2,19,58,2.366,4829209,56,1,01:19.8,238.066,1,0.96
26328,1123,846,1,4,3,3,3,3,15,58,5.904,4832747,1,2,01:19.9,237.762,1,0.97
26329,1123,857,1,81,5,4,4,4,12,58,35.77,4862613,1,4,01:20.2,236.92,1,0.97
26330,1123,815,9,11,6,5,5,5,10,58,56.309,4883152,47,6,01:20.4,236.363,1,1
26331,1123,840,117,18,9,6,6,6,8,58,+1:33.222,4920065,49,8,01:20.9,234.78,1,0.88
26332,1123,852,215,22,8,7,7,7,6,58,+1:35.601,4922444,46,11,01:21.1,234.19,1,0.88
26333,1123,4,117,14,10,8,8,8,4,58,+1:40.992,4927835,52,7,01:20.5,236.055,1,0.88
26334,1123,807,210,27,16,9,9,9,2,58,+1:44.553,4931396,46,12,01:21.1,234.158,1,0.9
26335,1123,825,210,20,14,10,10,10,1,57,\N,\N,44,9,01:21.1,234.34,11,0.9
26336,1123,848,3,23,12,11,11,11,0,57,\N,\N,46,17,01:21.6,232.801,11,0.9
26337,1123,817,215,3,18,12,12,12,0,57,\N,\N,46,13,01:21.2,233.887,11,0.88
26338,1123,842,214,10,17,13,13,13,0,57,\N,\N,51,10,01:21.1,234.317,11,0.85
26339,1123,822,15,77,13,14,14,14,0,57,\N,\N,48,16,01:21.4,233.361,11,0.85
26340,1123,855,15,24,19,15,15,15,0,57,\N,\N,49,14,01:21.3,233.634,11,0.85
26341,1123,839,214,31,15,16,16,16,0,57,\N,\N,45,15,01:21.4,233.557,11,0.85
26342,1123,847,131,63,7,17,17,17,0,56,\N,\N,53,5,01:20.3,236.669,3,0.95
26343,1123,1,131,44,11,\N,R,18,0,15,\N,\N,11,18,01:22.4,230.469,5,0.95
26344,1123,830,9,33,1,\N,R,19,0,3,\N,\N,3,19,01:23.1,228.608,23,1
26345,1124,830,9,33,1,1,1,1,26,53,54:23.6,6863566,50,1,01:33.7,223.093,1,1
26346,1124,815,9,11,2,2,2,2,18,53,12.535,6876101,35,3,01:33.9,222.525,1,1
26347,1124,832,6,55,4,3,3,3,15,53,20.866,6884432,46,2,01:33.8,222.772,1,0.96
26348,1124,844,6,16,8,4,4,4,12,53,26.522,6890088,53,9,01:35.0,219.952,1,0.96
26349,1124,846,1,4,3,5,5,5,10,53,29.7,6893266,1,10,01:35.2,219.624,1,0.97
26350,1124,4,117,14,5,6,6,6,8,53,44.272,6907838,53,6,01:34.7,220.691,1,0.88
26351,1124,847,131,63,9,7,7,7,6,53,45.951,6909517,39,5,01:34.4,221.444,1,0.95
26352,1124,857,1,81,6,8,8,8,4,53,47.525,6911091,1,7,01:34.8,220.514,1,0.97
26353,1124,1,131,44,7,9,9,9,2,53,48.626,6912192,41,4,01:34.0,222.509,1,0.95
26354,1124,852,215,22,10,10,10,10,1,52,\N,\N,51,14,01:36.3,216.989,11,0.88
26355,1124,807,210,27,12,11,11,11,0,52,\N,\N,52,11,01:35.3,219.304,11,0.9
26356,1124,840,117,18,16,12,12,12,0,52,\N,\N,41,12,01:35.8,218.221,11,0.88
26357,1124,825,210,20,18,13,13,13,0,52,\N,\N,24,17,01:36.7,216.289,11,0.9
26358,1124,822,15,77,13,14,14,14,0,52,\N,\N,25,15,01:36.6,216.392,11,0.85
26359,1124,839,214,31,15,15,15,15,0,52,\N,\N,52,13,01:36.2,217.237,11,0.85
26360,1124,842,214,10,17,16,16,16,0,52,\N,\N,48,16,01:36.6,216.315,11,0.85
26361,1124,858,3,2,19,17,17,17,0,52,\N,\N,43,8,01:34.9,220.286,11,0.9
26362,1124,855,15,24,20,\N,R,18,0,12,\N,\N,9,18,01:37.2,215.162,6,0.85
26363,1124,817,215,3,11,\N,R,19,0,0,\N,\N,\N,0,\N,\N,3,0.88
26364,1124,848,3,23,14,\N,R,20,0,0,\N,\N,\N,0,\N,\N,3,0.9
26365,1125,830,9,33,1,1,1,1,25,56,40:52.6,6052554,33,2,01:38.4,199.414,1,1
26366,1125,846,1,4,4,2,2,2,18,56,13.773,6066327,1,4,01:38.8,198.717,1,0.97
26367,1125,815,9,11,2,3,3,3,15,56,19.16,6071714,33,7,01:39.4,197.444,1,1
26368,1125,844,6,16,6,4,4,4,12,56,23.623,6076177,33,6,01:39.4,197.452,1,0.96
26369,1125,832,6,55,7,5,5,5,10,56,33.983,6086537,19,10,01:39.8,196.7,1,0.96
26370,1125,847,131,63,8,6,6,6,8,56,38.724,6091278,39,11,01:40.1,196.016,1,0.95
26371,1125,4,117,14,3,7,7,7,7,56,43.414,6095968,45,1,01:37.8,200.629,1,0.88
26372,1125,857,1,81,5,8,8,8,4,56,56.198,6108752,1,9,01:39.7,196.749,1,0.97
26373,1125,1,131,44,18,9,9,9,2,56,57.986,6110540,34,14,01:40.8,194.61,1,0.95
26374,1125,807,210,27,9,10,10,10,1,56,+1:00.476,6113030,32,13,01:40.8,194.649,1,0.9
26375,1125,839,214,31,13,11,11,11,0,56,+1:02.812,6115366,33,15,01:40.9,194.414,1,0.85
26376,1125,848,3,23,14,12,12,12,0,56,+1:05.506,6118060,34,12,01:40.8,194.697,1,0.9
26377,1125,842,214,10,15,13,13,13,0,56,+1:09.223,6121777,40,5,01:39.2,197.822,1,0.85
26378,1125,855,15,24,16,14,14,14,0,56,+1:11.689,6124243,42,3,01:38.6,198.955,1,0.85
26379,1125,840,117,18,11,15,15,15,0,56,+1:22.786,6135340,37,8,01:39.4,197.333,1,0.88
26380,1125,825,210,20,17,16,16,16,0,56,+1:27.533,6140087,45,18,01:41.1,194.145,1,0.9
26381,1125,858,3,2,20,17,17,17,0,56,+1:35.110,6147664,14,17,01:41.0,194.293,1,0.9
26382,1125,817,215,3,12,\N,R,18,0,33,\N,\N,16,16,01:41.0,194.304,31,0.88
26383,1125,852,215,22,19,\N,R,19,0,26,\N,\N,11,20,01:41.6,193.158,31,0.88
26384,1125,822,15,77,10,\N,R,20,0,19,\N,\N,11,19,01:41.3,193.763,31,0.85
26385,1126,846,1,4,5,1,1,1,25,57,30:49.9,5449876,55,5,01:31.0,214.148,1,0.98
26386,1126,830,9,33,1,2,2,2,18,57,7.612,5457488,48,8,01:31.3,213.488,1,1
26387,1126,844,6,16,2,3,3,3,15,57,9.92,5459796,56,6,01:31.1,213.903,1,0.96
26388,1126,815,9,11,4,4,4,4,12,57,14.65,5464526,55,3,01:30.9,214.442,1,1
26389,1126,832,6,55,3,5,5,5,10,57,16.407,5466283,55,4,01:30.9,214.27,1,0.96
26390,1126,1,131,44,8,6,6,6,8,57,16.585,5466461,54,7,01:31.2,213.554,1,0.95
26391,1126,852,215,22,10,7,7,7,6,57,26.185,5476061,55,10,01:31.7,212.508,1,0.88
26392,1126,847,131,63,7,8,8,8,4,57,34.789,5484665,43,13,01:31.9,211.955,1,0.95
26393,1126,4,117,14,15,9,9,9,2,57,37.107,5486983,55,11,01:31.7,212.404,1,0.88
26394,1126,839,214,31,13,10,10,10,1,57,39.746,5489622,51,16,01:32.0,211.688,1,0.85
26395,1126,807,210,27,9,11,11,11,0,57,40.789,5490665,56,14,01:31.9,211.909,1,0.9
26396,1126,842,214,10,12,12,12,12,0,57,44.958,5494834,56,17,01:32.1,211.647,1,0.85
26397,1126,857,1,81,6,13,13,13,0,57,49.756,5499632,43,1,01:30.6,214.965,1,0.98
26398,1126,855,15,24,19,14,14,14,0,57,49.979,5499855,56,15,01:32.0,211.794,1,0.85
26399,1126,817,215,3,20,15,15,15,0,57,50.956,5500832,57,19,01:32.1,211.493,1,0.88
26400,1126,822,15,77,16,16,16,16,0,57,52.356,5502232,55,18,01:32.1,211.548,1,0.85
26401,1126,840,117,18,11,17,17,17,0,57,55.173,5505049,57,9,01:31.6,212.726,1,0.88
26402,1126,848,3,23,14,18,18,18,0,57,+1:16.091,5525967,55,2,01:30.8,214.456,1,0.9
26403,1126,825,210,20,18,19,19,19,0,57,+1:24.683,5534559,33,12,01:31.8,212.295,1,0.9
26404,1126,858,3,2,17,\N,R,20,0,27,\N,\N,15,20,01:33.5,208.483,4,0.9
26405,1127,830,9,33,1,1,1,1,25,63,25:25.3,5125252,38,9,01:20.4,219.898,1,0.95
26406,1127,846,1,4,2,2,2,2,18,63,0.725,5125977,54,6,01:20.0,220.921,1,1
26407,1127,844,6,16,3,3,3,3,15,63,7.916,5133168,27,5,01:19.9,221.084,1,0.96
26408,1127,857,1,81,5,4,4,4,12,63,14.132,5139384,25,4,01:19.9,221.162,1,1
26409,1127,832,6,55,4,5,5,5,10,63,22.325,5147577,63,7,01:20.2,220.299,1,0.96
26410,1127,1,131,44,8,6,6,6,8,63,35.104,5160356,43,8,01:20.3,219.994,1,0.95
26411,1127,847,131,63,6,7,7,7,7,63,47.154,5172406,54,1,01:18.6,224.871,1,0.95
26412,1127,815,9,11,11,8,8,8,4,63,54.776,5180028,52,3,01:19.7,221.775,1,0.95
26413,1127,840,117,18,13,9,9,9,2,63,+1:19.556,5204808,58,10,01:20.6,219.342,1,0.88
26414,1127,852,215,22,7,10,10,10,1,62,\N,\N,14,11,01:20.9,218.35,11,0.88
26415,1127,807,210,27,10,11,11,11,0,62,\N,\N,3,20,01:21.7,216.308,11,0.9
26416,1127,825,210,20,18,12,12,12,0,62,\N,\N,58,12,01:21.0,218.153,11,0.9
26417,1127,817,215,3,9,13,13,13,0,62,\N,\N,13,19,01:21.6,216.655,11,0.88
26418,1127,839,214,31,12,14,14,14,0,62,\N,\N,37,16,01:21.3,217.361,11,0.85
26419,1127,855,15,24,17,15,15,15,0,62,\N,\N,37,13,01:21.0,218.134,11,0.85
26420,1127,842,214,10,15,16,16,16,0,62,\N,\N,10,17,01:21.4,217.183,11,0.85
26421,1127,858,3,2,19,17,17,17,0,62,\N,\N,55,14,01:21.2,217.562,11,0.9
26422,1127,822,15,77,16,18,18,18,0,62,\N,\N,11,18,01:21.5,216.959,11,0.85
26423,1127,4,117,14,20,19,19,19,0,62,\N,\N,62,2,01:19.0,223.689,11,0.88
26424,1127,848,3,23,14,\N,R,20,0,51,\N,\N,48,15,01:21.3,217.442,31,0.9
26425,1128,844,6,16,1,1,1,1,25,78,23:15.6,8595554,\N,0,\N,\N,1,0.96
26426,1128,857,1,81,2,2,2,2,18,78,7.152,8602706,\N,0,\N,\N,1,1
26427,1128,832,6,55,3,3,3,3,15,78,7.585,8603139,\N,0,\N,\N,1,0.96
26428,1128,846,1,4,4,4,4,4,12,78,8.65,8604204,\N,0,\N,\N,1,1
26429,1128,847,131,63,5,5,5,5,10,78,13.309,8608863,\N,0,\N,\N,1,0.95
26430,1128,830,9,33,6,6,6,6,8,78,13.853,8609407,\N,0,\N,\N,1,0.95
26431,1128,1,131,44,7,7,7,7,7,78,14.908,8610462,\N,0,\N,\N,1,0.95
26432,1128,852,215,22,8,8,8,8,4,77,\N,\N,\N,0,\N,\N,11,0.88
26433,1128,848,3,23,9,9,9,9,2,77,\N,\N,\N,0,\N,\N,11,0.9
26434,1128,842,214,10,10,10,10,10,1,77,\N,\N,\N,0,\N,\N,11,0.85
26435,1128,4,117,14,14,11,11,11,0,76,\N,\N,\N,0,\N,\N,12,0.88
26436,1128,817,215,3,12,12,12,12,0,76,\N,\N,\N,0,\N,\N,12,0.88
26437,1128,822,15,77,17,13,13,13,0,76,\N,\N,\N,0,\N,\N,12,0.85
26438,1128,840,117,18,13,14,14,14,0,76,\N,\N,\N,0,\N,\N,12,0.88
26439,1128,858,3,2,15,15,15,15,0,76,\N,\N,\N,0,\N,\N,12,0.92
26440,1128,855,15,24,18,16,16,16,0,76,\N,\N,\N,0,\N,\N,12,0.85
26441,1128,839,214,31,11,\N,R,17,0,0,\N,\N,\N,0,\N,\N,4,0.85
26442,1128,815,9,11,16,\N,R,18,0,0,\N,\N,\N,0,\N,\N,4,0.95
26443,1128,807,210,27,19,\N,R,19,0,0,\N,\N,\N,0,\N,\N,4,0.9
26444,1128,825,210,20,20,\N,R,20,0,0,\N,\N,\N,0,\N,\N,4,0.9
26445,1129,830,9,33,2,1,1,1,25,70,45:47.9,6347927,70,4,01:15.6,207.751,1,0.95
26446,1129,846,1,4,3,2,2,2,18,70,3.879,6351806,67,3,01:15.6,207.782,1,1
26447,1129,847,131,63,1,3,3,3,15,70,4.317,6352244,70,2,01:14.9,209.621,1,0.95
26448,1129,1,131,44,7,4,4,4,13,70,4.915,6352842,70,1,01:14.9,209.73,1,0.95
26449,1129,857,1,81,4,5,5,5,10,70,10.199,6358126,65,5,01:16.2,205.904,1,1
26450,1129,4,117,14,6,6,6,6,8,70,17.51,6365437,70,6,01:16.3,205.753,1,0.88
26451,1129,840,117,18,9,7,7,7,6,70,23.625,6371552,70,9,01:16.8,204.523,1,0.88
26452,1129,817,215,3,5,8,8,8,4,70,28.672,6376599,68,12,01:17.1,203.689,1,0.88
26453,1129,842,214,10,15,9,9,9,2,70,30.021,6377948,70,11,01:17.0,203.856,1,0.85
26454,1129,839,214,31,18,10,10,10,1,70,30.313,6378240,70,10,01:17.0,203.859,1,0.87
26455,1129,807,210,27,17,11,11,11,0,70,30.824,6378751,67,8,01:16.7,204.733,1,0.9
26456,1129,825,210,20,14,12,12,12,0,70,31.253,6379180,68,7,01:16.5,205.226,1,0.9
26457,1129,822,15,77,0,13,13,13,0,70,40.487,6388414,65,13,01:17.3,203.231,1,0.85
26458,1129,852,215,22,8,14,14,14,0,70,52.694,6400621,70,14,01:17.3,203.075,1,0.88
26459,1129,855,15,24,0,15,15,15,0,69,\N,\N,68,15,01:17.3,203.033,11,0.85
26460,1129,832,6,55,12,\N,R,16,0,52,\N,\N,51,17,01:19.0,198.837,4,0.98
26461,1129,848,3,23,10,\N,R,17,0,52,\N,\N,51,18,01:19.4,197.83,4,0.92
26462,1129,815,9,11,16,\N,R,18,0,51,\N,\N,51,16,01:18.8,199.185,3,0.95
26463,1129,844,6,16,11,\N,R,19,0,40,\N,\N,39,19,01:26.0,182.528,5,0.98
26464,1129,858,3,2,13,\N,R,20,0,23,\N,\N,19,20,01:26.5,181.531,3,0.92
26465,1130,830,9,33,2,1,1,1,25,66,28:20.2,5300227,54,2,01:17.8,215.557,1,0.95
26466,1130,846,1,4,1,2,2,2,19,66,2.219,5302446,51,1,01:17.1,217.405,1,1
26467,1130,1,131,44,3,3,3,3,15,66,17.79,5318017,46,4,01:17.8,215.466,1,0.95
26468,1130,847,131,63,4,4,4,4,12,66,22.32,5322547,50,7,01:18.3,214.142,1,0.98
26469,1130,844,6,16,5,5,5,5,10,66,22.709,5322936,52,6,01:17.9,215.222,1,0.98
26470,1130,832,6,55,6,6,6,6,8,66,31.028,5331255,39,9,01:18.5,213.463,1,0.98
26471,1130,857,1,81,9,7,7,7,6,66,33.76,5333987,56,5,01:17.9,215.286,1,1
26472,1130,815,9,11,11,8,8,8,4,66,59.524,5359751,51,3,01:17.8,215.532,1,0.95
26473,1130,842,214,10,7,9,9,9,2,66,+1:02.025,5362252,51,13,01:19.0,212.096,1,0.87
26474,1130,839,214,31,8,10,10,10,1,66,+1:11.889,5372116,54,12,01:19.0,212.266,1,0.87
26475,1130,807,210,27,13,11,11,11,0,66,+1:19.215,5379442,49,10,01:18.6,213.273,1,0.9
26476,1130,4,117,14,10,12,12,12,0,65,\N,\N,50,8,01:18.3,214.022,11,0.88
26477,1130,855,15,24,15,13,13,13,0,65,\N,\N,50,11,01:18.8,212.834,11,0.85
26478,1130,840,117,18,14,14,14,14,0,65,\N,\N,50,15,01:19.3,211.366,11,0.85
26479,1130,817,215,3,18,15,15,15,0,65,\N,\N,61,17,01:19.5,211.015,11,0.9
26480,1130,822,15,77,12,16,16,16,0,65,\N,\N,13,18,01:19.6,210.596,11,0.85
26481,1130,825,210,20,16,17,17,17,0,65,\N,\N,33,19,01:19.8,210.077,11,0.9
26482,1130,848,3,23,0,18,18,18,0,65,\N,\N,45,14,01:19.1,211.863,11,0.92
26483,1130,852,215,22,17,19,19,19,0,65,\N,\N,56,16,01:19.4,211.023,11,0.9
26484,1130,858,3,2,19,20,20,20,0,64,\N,\N,38,20,01:20.2,209.115,12,0.92
26485,1131,847,131,63,3,1,1,1,25,71,24:22.8,5062798,48,5,01:09.2,224.752,1,0.98
26486,1131,857,1,81,7,2,2,2,18,71,1.906,5064704,56,4,01:08.7,226.28,1,1
26487,1131,832,6,55,4,3,3,3,15,71,4.533,5067331,56,6,01:09.3,224.369,1,0.98
26488,1131,1,131,44,5,4,4,4,12,71,23.142,5085940,61,7,01:09.6,223.466,1,0.98
26489,1131,830,9,33,1,5,5,5,10,71,37.253,5100051,68,2,01:07.7,229.548,1,0.95
26490,1131,807,210,27,9,6,6,6,8,71,54.088,5116886,51,14,01:10.2,221.388,1,0.9
26491,1131,815,9,11,8,7,7,7,6,71,54.672,5117470,56,11,01:09.7,223.043,1,0.95
26492,1131,825,210,20,12,8,8,8,4,71,+1:00.355,5123153,45,12,01:10.1,221.672,1,0.9
26493,1131,817,215,3,11,9,9,9,2,71,+1:01.169,5123967,49,18,01:10.4,220.725,1,0.9
26494,1131,842,214,10,13,10,10,10,1,71,+1:01.766,5124564,45,9,01:09.6,223.315,1,0.87
26495,1131,844,6,16,6,11,11,11,0,71,+1:07.056,5129854,55,8,01:09.6,223.396,1,0.98
26496,1131,839,214,31,10,12,12,12,0,71,+1:08.325,5131123,45,10,01:09.6,223.187,1,0.87
26497,1131,840,117,18,17,13,13,13,0,70,\N,\N,54,13,01:10.1,221.615,11,0.85
26498,1131,852,215,22,14,14,14,14,0,70,\N,\N,54,15,01:10.3,221.064,11,0.9
26499,1131,848,3,23,16,15,15,15,0,70,\N,\N,41,16,01:10.4,220.919,11,0.92
26500,1131,822,15,77,18,16,16,16,0,70,\N,\N,48,19,01:10.4,220.653,11,0.85
26501,1131,855,15,24,20,17,17,17,0,70,\N,\N,54,20,01:10.5,220.587,11,0.85
26502,1131,4,117,14,15,18,18,18,0,70,\N,\N,70,1,01:07.7,229.633,11,0.85
26503,1131,858,3,2,19,19,19,19,0,69,\N,\N,60,17,01:10.4,220.788,12,0.92
26504,1131,846,1,4,2,20,20,20,0,64,\N,\N,53,3,01:08.0,228.546,17,1
26505,1132,1,131,44,2,1,1,1,25,52,22:27.1,4947059,45,5,01:29.4,237.12,1,0.98
26506,1132,830,9,33,4,2,2,2,18,52,1.465,4948524,48,3,01:29.0,238.416,1,0.95
26507,1132,846,1,4,3,3,3,3,15,52,7.547,4954606,43,4,01:29.3,237.588,1,1
26508,1132,857,1,81,5,4,4,4,12,52,12.429,4959488,51,2,01:28.7,238.964,1,1
26509,1132,832,6,55,7,5,5,5,11,52,47.318,4994377,52,1,01:28.3,240.195,1,0.98
26510,1132,807,210,27,6,6,6,6,8,52,55.722,5002781,43,10,01:29.8,236.07,1,0.9
26511,1132,840,117,18,8,7,7,7,6,52,56.569,5003628,46,11,01:29.9,235.909,1,0.85
26512,1132,4,117,14,10,8,8,8,4,52,+1:03.577,5010636,47,7,01:29.7,236.401,1,0.85
26513,1132,848,3,23,9,9,9,9,2,52,+1:08.387,5015446,52,8,01:29.7,236.38,1,0.92
26514,1132,852,215,22,13,10,10,10,1,52,+1:19.303,5026362,43,14,01:30.2,235.041,1,0.9
26515,1132,858,3,2,12,11,11,11,0,52,+1:28.960,5036019,42,12,01:30.0,235.713,1,0.92
26516,1132,825,210,20,17,12,12,12,0,52,+1:30.153,5037212,42,13,01:30.1,235.396,1,0.9
26517,1132,817,215,3,15,13,13,13,0,51,\N,\N,47,15,01:30.7,233.731,11,0.9
26518,1132,844,6,16,11,14,14,14,0,51,\N,\N,43,9,01:29.7,236.301,11,0.98
26519,1132,822,15,77,16,15,15,15,0,51,\N,\N,44,18,01:31.3,232.343,11,0.85
26520,1132,839,214,31,18,16,16,16,0,50,\N,\N,46,16,01:30.9,233.371,12,0.87
26521,1132,815,9,11,0,17,17,17,0,50,\N,\N,50,6,01:29.7,236.409,12,0.95
26522,1132,855,15,24,14,18,18,18,0,50,\N,\N,43,17,01:31.0,233.014,12,0.85
26523,1132,847,131,63,1,\N,R,19,0,33,\N,\N,3,19,01:31.3,232.289,34,0.98
26524,1132,842,214,10,19,\N,W,20,0,0,\N,\N,\N,0,\N,\N,6,0.87
26525,1133,857,1,81,2,1,1,1,25,70,38:02.0,5881989,51,8,01:21.7,193.005,1,1
26526,1133,846,1,4,1,2,2,2,18,70,2.141,5884130,50,7,01:21.7,193.014,1,1
26527,1133,1,131,44,5,3,3,3,15,70,14.88,5896869,54,9,01:22.2,191.978,1,0.98
26528,1133,844,6,16,6,4,4,4,12,70,19.686,5901675,29,10,01:22.2,191.91,1,0.98
26529,1133,830,9,33,3,5,5,5,10,70,21.349,5903338,51,3,01:20.9,194.932,1,0.95
26530,1133,832,6,55,4,6,6,6,8,70,23.073,5905062,53,5,01:21.4,193.656,1,0.98
26531,1133,815,9,11,16,7,7,7,6,70,39.792,5921781,49,4,01:21.1,194.48,1,0.95
26532,1133,847,131,63,17,8,8,8,5,70,42.368,5924357,55,1,01:20.3,196.396,1,0.98
26533,1133,852,215,22,10,9,9,9,2,70,+1:17.259,5959248,57,18,01:23.5,188.806,1,0.9
26534,1133,840,117,18,8,10,10,10,1,70,+1:17.976,5959965,48,11,01:22.3,191.547,1,0.85
26535,1133,4,117,14,7,11,11,11,0,70,+1:22.460,5964449,52,14,01:23.1,189.875,1,0.85
26536,1133,817,215,3,9,12,12,12,0,69,\N,\N,30,12,01:22.6,190.847,11,0.9
26537,1133,807,210,27,11,13,13,13,0,69,\N,\N,54,16,01:23.5,188.969,11,0.9
26538,1133,848,3,23,13,14,14,14,0,69,\N,\N,31,20,01:23.9,187.913,11,0.92
26539,1133,825,210,20,15,15,15,15,0,69,\N,\N,50,19,01:23.6,188.761,11,0.9
26540,1133,822,15,77,12,16,16,16,0,69,\N,\N,52,13,01:22.8,190.496,11,0.85
26541,1133,858,3,2,14,17,17,17,0,69,\N,\N,65,2,01:20.6,195.772,11,0.92
26542,1133,839,214,31,19,18,18,18,0,69,\N,\N,66,6,01:21.6,193.255,11,0.87
26543,1133,855,15,24,18,19,19,19,0,69,\N,\N,38,17,01:23.5,188.91,11,0.85
26544,1133,842,214,10,0,\N,R,20,0,33,\N,\N,31,15,01:23.3,189.244,9,0.87
26545,1134,1,131,44,3,1,1,1,25,44,0.526,526,33,6,01:46.7,236.415,1,0.98
26546,1134,857,1,81,5,2,2,2,18,44,1.173,1699,32,3,01:45.8,238.231,1,1
26547,1134,844,6,16,1,3,3,3,15,44,8.549,9075,33,8,01:47.0,235.619,1,0.98
26548,1134,830,9,33,11,4,4,4,12,44,9.226,9752,32,4,01:46.1,237.584,1,0.95
26549,1134,846,1,4,4,5,5,5,10,44,9.85,10376,31,2,01:45.6,238.856,1,1
26550,1134,832,6,55,7,6,6,6,8,44,19.795,20321,44,5,01:46.4,237.057,1,0.98
26551,1134,815,9,11,2,7,7,7,7,44,43.195,43721,44,1,01:44.7,240.822,1,0.95
26552,1134,4,117,14,8,8,8,8,4,44,49.963,50489,42,17,01:48.1,233.356,1,0.85
26553,1134,839,214,31,9,9,9,9,2,44,52.552,53078,43,7,01:47.0,235.743,1,0.87
26554,1134,817,215,3,13,10,10,10,1,44,54.926,55452,37,12,01:47.4,234.694,1,0.9
26555,1134,840,117,18,15,11,11,11,0,44,+1:03.011,63537,44,18,01:48.1,233.239,1,0.85
26556,1134,848,3,23,10,12,12,12,0,44,+1:03.651,64177,44,16,01:48.0,233.475,1,0.92
26557,1134,842,214,10,12,13,13,13,0,44,+1:04.365,64891,30,11,01:47.4,234.731,1,0.87
26558,1134,825,210,20,17,14,14,14,0,44,+1:06.631,67157,44,14,01:47.8,233.795,1,0.93
26559,1134,822,15,77,14,15,15,15,0,44,+1:10.638,71164,37,9,01:47.0,235.606,1,0.85
26560,1134,852,215,22,20,16,16,16,0,44,+1:16.737,77263,44,15,01:48.0,233.533,1,0.9
26561,1134,858,3,2,18,17,17,17,0,44,+1:26.057,86583,43,13,01:47.5,234.574,1,0.92
26562,1134,807,210,27,16,18,18,18,0,44,+1:28.833,89359,44,19,01:49.0,231.422,1,0.93
26563,1134,855,15,24,19,\N,R,19,0,5,\N,\N,2,20,01:52.1,224.929,31,0.85
26564,1134,847,131,63,6,\N,D,20,0,44,19:57.0,4797566,44,10,01:47.1,235.399,2,0.98
26565,1135,846,1,4,1,1,1,1,26,72,30:45.5,5445519,72,1,01:13.8,207.708,1,1
26566,1135,830,9,33,2,2,2,2,18,72,22.896,5468415,30,9,01:14.8,205.11,1,0.95
26567,1135,844,6,16,6,3,3,3,15,72,25.439,5470958,62,7,01:14.6,205.569,1,0.98
26568,1135,857,1,81,3,4,4,4,12,72,27.337,5472856,36,5,01:14.2,206.533,1,1
26569,1135,832,6,55,10,5,5,5,10,72,32.137,5477656,40,4,01:14.1,206.867,1,0.98
26570,1135,815,9,11,5,6,6,6,8,72,39.542,5485061,69,8,01:14.6,205.563,1,0.95
26571,1135,847,131,63,4,7,7,7,6,72,44.617,5490136,57,3,01:13.9,207.399,1,0.98
26572,1135,1,131,44,14,8,8,8,4,72,49.599,5495118,62,2,01:13.9,207.536,1,0.95
26573,1135,842,214,10,9,9,9,9,2,71,\N,\N,54,11,01:14.9,204.828,11,0.87
26574,1135,4,117,14,7,10,10,10,1,71,\N,\N,34,10,01:14.8,205.093,11,0.85
26575,1135,807,210,27,12,11,11,11,0,71,\N,\N,59,18,01:15.7,202.656,11,0.93
26576,1135,817,215,3,13,12,12,12,0,71,\N,\N,52,13,01:15.2,203.828,11,0.9
26577,1135,840,117,18,8,13,13,13,0,71,\N,\N,51,14,01:15.3,203.739,11,0.85
26578,1135,848,3,23,19,14,14,14,0,71,\N,\N,71,6,01:14.4,205.986,11,0.92
26579,1135,839,214,31,15,15,15,15,0,71,\N,\N,50,15,01:15.4,203.374,11,0.87
26580,1135,858,3,2,18,16,16,16,0,71,\N,\N,26,16,01:15.5,202.973,11,0.93
26581,1135,852,215,22,11,17,17,17,0,71,\N,\N,16,17,01:15.6,202.938,11,0.9
26582,1135,825,210,20,0,18,18,18,0,71,\N,\N,42,12,01:15.0,204.557,11,0.93
26583,1135,822,15,77,16,19,19,19,0,70,\N,\N,45,20,01:15.8,202.215,12,0.85
26584,1135,855,15,24,17,20,20,20,0,70,\N,\N,67,19,01:15.7,202.477,12,0.85
26585,1136,844,6,16,4,1,1,1,25,53,14:40.7,4480727,33,10,01:23.2,250.58,1,0.98
26586,1136,857,1,81,2,2,2,2,18,53,2.664,4483391,53,4,01:21.9,254.503,1,1
26587,1136,846,1,4,1,3,3,3,16,53,6.153,4486880,53,1,01:21.4,256.1,1,1
26588,1136,832,6,55,5,4,4,4,12,53,15.621,4496348,53,9,01:23.2,250.601,1,0.98
26589,1136,1,131,44,6,5,5,5,10,53,22.82,4503547,53,2,01:21.5,255.849,1,0.95
26590,1136,830,9,33,7,6,6,6,8,53,37.932,4518659,43,3,01:21.7,255.12,1,0.96
26591,1136,847,131,63,3,7,7,7,6,53,39.715,4520442,49,5,01:22.0,254.215,1,0.95
26592,1136,815,9,11,8,8,8,8,4,53,54.148,4534875,47,8,01:23.0,251.35,1,0.96
26593,1136,848,3,23,9,9,9,9,2,53,+1:07.456,4548183,53,16,01:23.9,248.514,1,0.93
26594,1136,825,210,20,13,10,10,10,1,53,+1:08.302,4549029,51,12,01:23.4,249.946,1,0.93
26595,1136,4,117,14,11,11,11,11,0,53,+1:08.495,4549222,46,7,01:22.9,251.432,1,0.85
26596,1136,861,3,43,18,12,12,12,0,53,+1:21.308,4562035,53,14,01:23.7,249.077,1,0.93
26597,1136,817,215,3,12,13,13,13,0,53,+1:33.452,4574179,52,17,01:24.2,247.625,1,0.9
26598,1136,839,214,31,15,14,14,14,0,52,\N,\N,52,18,01:24.3,247.261,11,0.87
26599,1136,842,214,10,14,15,15,15,0,52,\N,\N,51,15,01:23.8,248.997,11,0.89
26600,1136,822,15,77,19,16,16,16,0,52,\N,\N,52,13,01:23.6,249.432,11,0.85
26601,1136,807,210,27,10,17,17,17,0,52,\N,\N,44,11,01:23.3,250.432,11,0.93
26602,1136,855,15,24,20,18,18,18,0,52,\N,\N,17,19,01:25.1,245.085,11,0.85
26603,1136,840,117,18,17,19,19,19,0,52,\N,\N,52,6,01:22.2,253.609,11,0.85
26604,1136,852,215,22,16,\N,R,20,0,7,\N,\N,4,20,01:26.2,241.94,25,0.9
26605,1137,857,1,81,2,1,1,1,25,51,32:58.0,5578007,47,9,01:47.1,201.856,1,1
26606,1137,844,6,16,1,2,2,2,18,51,10.91,5588917,44,10,01:47.1,201.843,1,0.98
26607,1137,847,131,63,5,3,3,3,15,51,31.328,5609335,45,2,01:46.6,202.674,1,0.95
26608,1137,846,1,4,15,4,4,4,13,51,36.143,5614150,42,1,01:45.3,205.318,1,1
26609,1137,830,9,33,6,5,5,5,10,51,+1:17.098,5655105,42,3,01:46.8,202.352,1,0.96
26610,1137,4,117,14,7,6,6,6,8,51,+1:25.468,5663475,48,8,01:47.1,201.862,1,0.85
26611,1137,848,3,23,9,7,7,7,6,51,+1:27.396,5665403,43,5,01:46.9,202.07,1,0.93
26612,1137,861,3,43,8,8,8,8,4,51,+1:29.541,5667548,44,12,01:47.3,201.454,1,0.93
26613,1137,1,131,44,0,9,9,9,2,51,+1:32.401,5670408,48,11,01:47.2,201.525,1,0.95
26614,1137,860,210,50,10,10,10,10,1,51,+1:33.127,5671134,47,7,01:47.0,201.879,1,0.93
26615,1137,807,210,27,12,11,11,11,0,51,+1:33.465,5671472,42,14,01:47.7,200.674,1,0.93
26616,1137,842,214,10,18,12,12,12,0,51,+1:57.189,5695196,47,15,01:48.0,200.066,1,0.89
26617,1137,817,215,3,14,13,13,13,0,51,+2:26.907,5724914,39,17,01:48.4,199.398,1,0.9
26618,1137,855,15,24,17,14,14,14,0,51,+2:28.841,5726848,43,13,01:47.6,200.761,1,0.85
26619,1137,839,214,31,0,15,15,15,0,50,\N,\N,35,19,01:48.8,198.572,11,0.89
26620,1137,822,15,77,16,16,16,16,0,50,\N,\N,41,18,01:48.4,199.328,11,0.85
26621,1137,815,9,11,4,17,17,17,0,49,\N,\N,46,6,01:47.0,201.945,31,0.96
26622,1137,832,6,55,3,18,18,18,0,49,\N,\N,46,4,01:46.9,202.223,31,0.98
26623,1137,840,117,18,13,19,19,19,0,45,\N,\N,31,16,01:48.1,199.826,31,0.85
26624,1137,852,215,22,11,\N,R,20,0,14,\N,\N,8,20,01:50.9,194.89,31,0.89
26625,1138,846,1,4,1,1,1,1,25,62,40:52.6,6052571,48,2,01:34.9,187.347,1,1
26626,1138,830,9,33,2,2,2,2,18,62,20.945,6073516,59,5,01:36.0,185.313,1,0.96
26627,1138,857,1,81,5,3,3,3,15,62,41.823,6094394,48,4,01:35.7,185.743,1,1
26628,1138,847,131,63,4,4,4,4,12,62,+1:01.040,6113611,30,10,01:37.0,183.251,1,0.96
26629,1138,844,6,16,9,5,5,5,10,62,+1:02.430,6115001,46,3,01:35.4,186.471,1,0.98
26630,1138,1,131,44,3,6,6,6,8,62,+1:25.248,6137819,43,12,01:37.4,182.6,1,0.96
26631,1138,832,6,55,10,7,7,7,6,62,+1:36.039,6148610,15,7,01:36.6,184.173,1,0.98
26632,1138,4,117,14,7,8,8,8,4,61,\N,\N,54,18,01:37.7,181.95,11,0.85
26633,1138,807,210,27,6,9,9,9,2,61,\N,\N,35,15,01:37.5,182.456,11,0.93
26634,1138,815,9,11,13,10,10,10,1,61,\N,\N,33,16,01:37.5,182.443,11,0.96
26635,1138,861,3,43,12,11,11,11,0,61,\N,\N,35,11,01:37.3,182.846,11,0.93
26636,1138,852,215,22,8,12,12,12,0,61,\N,\N,53,6,01:36.4,184.494,11,0.89
26637,1138,839,214,31,15,13,13,13,0,61,\N,\N,48,20,01:38.0,181.536,11,0.89
26638,1138,840,117,18,17,14,14,14,0,61,\N,\N,36,19,01:37.9,181.745,11,0.85
26639,1138,855,15,24,20,15,15,15,0,61,\N,\N,47,14,01:37.5,182.472,11,0.85
26640,1138,822,15,77,19,16,16,16,0,61,\N,\N,46,17,01:37.5,182.355,11,0.85
26641,1138,842,214,10,18,17,17,17,0,61,\N,\N,46,9,01:36.9,183.478,11,0.89
26642,1138,817,215,3,16,18,18,18,0,61,\N,\N,60,1,01:34.5,188.218,11,0.89
26643,1138,825,210,20,14,19,19,19,0,57,\N,\N,52,13,01:37.4,182.54,3,0.93
26644,1138,848,3,23,11,\N,R,20,0,15,\N,\N,13,8,01:36.9,183.552,131,0.93
26645,1139,844,6,16,4,1,1,1,25,56,35:09.6,5709639,39,6,01:37.8,202.861,1,0.99
26646,1139,832,6,55,3,2,2,2,18,56,8.562,5718201,42,5,01:37.8,203.009,1,0.99
26647,1139,830,9,33,2,3,3,3,15,56,19.412,5729051,42,9,01:38.1,202.276,1,0.96
26648,1139,846,1,4,1,4,4,4,12,56,20.354,5729993,55,4,01:37.7,203.183,1,1
26649,1139,857,1,81,5,5,5,5,10,56,21.921,5731560,42,7,01:37.9,202.76,1,1
26650,1139,847,131,63,20,6,6,6,8,56,56.295,5765934,42,3,01:37.7,203.231,1,0.96
26651,1139,815,9,11,9,7,7,7,6,56,59.072,5768711,45,13,01:38.5,201.461,1,0.96
26652,1139,807,210,27,11,8,8,8,4,56,+1:02.957,5772596,51,12,01:38.4,201.686,1,0.93
26653,1139,859,215,30,19,9,9,9,2,56,+1:10.563,5780202,54,8,01:38.1,202.33,1,0.89
26654,1139,861,3,43,15,10,10,10,1,56,+1:11.979,5781618,46,2,01:37.6,203.325,1,0.93
26655,1139,825,210,20,8,11,11,11,0,56,+1:19.782,5789421,56,10,01:38.2,202.085,1,0.93
26656,1139,842,214,10,6,12,12,12,0,56,+1:30.558,5800197,55,11,01:38.3,201.877,1,0.89
26657,1139,4,117,14,7,13,13,13,0,55,\N,\N,52,17,01:39.3,199.945,11,0.85
26658,1139,852,215,22,10,14,14,14,0,55,\N,\N,54,15,01:39.2,200.082,11,0.89
26659,1139,840,117,18,13,15,15,15,0,55,\N,\N,54,16,01:39.2,200.04,11,0.85
26660,1139,848,3,23,14,16,16,16,0,55,\N,\N,54,14,01:39.1,200.302,11,0.93
26661,1139,822,15,77,16,17,17,17,0,55,\N,\N,53,19,01:40.6,197.333,11,0.85
26662,1139,839,214,31,12,18,18,18,0,55,\N,\N,53,1,01:37.3,203.912,11,0.89
26663,1139,855,15,24,18,19,19,19,0,55,\N,\N,53,18,01:39.3,199.923,11,0.85
26664,1139,1,131,44,17,\N,R,20,0,1,\N,\N,\N,0,\N,\N,20,0.96
26665,1140,832,6,55,1,1,1,1,25,71,40:55.8,6055800,62,7,01:20.1,193.348,1,0.99
26666,1140,846,1,4,3,2,2,2,18,71,4.705,6060505,68,4,01:19.7,194.43,1,1
26667,1140,844,6,16,4,3,3,3,16,71,34.387,6090187,71,1,01:18.3,197.794,1,0.99
26668,1140,1,131,44,6,4,4,4,12,71,44.78,6100580,31,8,01:20.4,192.785,1,0.96
26669,1140,847,131,63,5,5,5,5,10,71,48.536,6104336,63,11,01:20.7,191.926,1,0.96
26670,1140,830,9,33,2,6,6,6,8,71,59.558,6115358,53,13,01:20.9,191.591,1,0.96
26671,1140,825,210,20,7,7,7,7,6,71,+1:03.642,6119442,61,9,01:20.6,192.15,1,0.93
26672,1140,857,1,81,17,8,8,8,4,71,+1:04.928,6120728,65,5,01:20.1,193.525,1,1
26673,1140,807,210,27,10,9,9,9,2,70,\N,\N,69,12,01:20.7,191.885,11,0.93
26674,1140,842,214,10,8,10,10,10,1,70,\N,\N,67,15,01:21.3,190.643,11,0.89
26675,1140,840,117,18,14,11,11,11,0,70,\N,\N,55,16,01:21.3,190.557,11,0.85
26676,1140,861,3,43,16,12,12,12,0,70,\N,\N,50,6,01:20.1,193.462,11,0.93
26677,1140,839,214,31,0,13,13,13,0,70,\N,\N,70,10,01:20.7,192.097,11,0.89
26678,1140,822,15,77,15,14,14,14,0,70,\N,\N,57,14,01:21.1,191.088,11,0.85
26679,1140,855,15,24,19,15,15,15,0,70,\N,\N,56,17,01:21.6,189.991,11,0.85
26680,1140,859,215,30,12,16,16,16,0,70,\N,\N,67,3,01:19.5,194.893,11,0.89
26681,1140,815,9,11,18,17,17,17,0,70,\N,\N,70,2,01:19.2,195.614,11,0.96
26682,1140,4,117,14,13,\N,R,18,0,15,\N,\N,7,18,01:22.7,187.306,23,0.85
26683,1140,848,3,23,9,\N,R,19,0,0,\N,\N,\N,0,\N,\N,4,0.93
26684,1140,852,215,22,11,\N,R,20,0,0,\N,\N,\N,0,\N,\N,4,0.89
